0,1,2,3,4,5
0.8549976774258062,-1.264223062794837,0.8363553596337009,11.473648776149727,0.2521170111151873,11.4746054891736
0.7137882838365186,-0.20205930816195602,1.1547817808425027,55.852300881663695,-0.7198711710488326,12.407133531857792
-0.48781260984739633,-0.13066164352583529,-0.0908568446966755,90.28410930761011,1.974410209237601,11.100827160534157
0.12372600930764217,0.7655520366151092,-1.5043297368328254,111.88767620156305,-0.10234706990487147,11.898185054831787
-1.204561964470265,-0.9264993202783149,0.20384800477171625,152.29514950083035,-0.739222769416731,11.907102354622607
-0.2240410783801229,0.8865211644465355,0.680261271208525,187.20996744484344,0.12353526375948834,11.41631417245757
0.8467508126380272,-0.2477342366243141,-0.8540195014841001,201.55228760234112,0.3703748620424114,11.363113672613514
-1.5737238677005094,-2.141879699851909,-0.1885421336556477,207.92126492334432,-1.0329002373877572,10.53802653237933
0.49547674986290624,0.7971850250746634,1.5684943950196035,209.67198572472944,0.5944876402987218,11.559123265923027
0.604702419265618,-0.7308823614994668,-0.9684182009272244,216.004974351528,0.09046339799502882,11.276717193523336
0.560611203990342,0.8786946269863322,0.7026278609387236,219.86492607345008,0.6638096932993642,13.010171815028666
0.9152544854525877,0.6160773386751853,-0.35959023084469055,222.6496930462562,-0.12782486673551438,13.458574059968813
-0.048879264801874746,-0.5237830367210129,0.36050035375105577,227.22774903842432,1.083641785420724,12.287532026250727
0.9269623187524866,-0.8028706117441186,-0.7093515314627606,231.02923857243152,-2.0157698291218344,10.969877525058005
-0.2609586854818763,-0.1966088388724652,-0.4759177255813866,234.26889523342817,-0.472025119978358,11.086666648077383
1.2193115625002722,0.46450217718431996,0.7340714124823811,239.75109245670302,-1.357232683939314,12.304734475077135
1.2224266772381196,0.5497641745815135,-1.5592856066652292,243.00528994383282,0.49950390177557424,12.372459769333187
1.1647609939359471,-0.44032904088833835,-1.2698033690708408,247.7386895434042,1.8622818659903584,12.437614367919593
-0.3710842266770049,,-0.9511950833571196,250.50996844169663,1.4954259183117407,12.521667791078269
0.6331426102860171,-1.5120610469858655,-2.0280360482905677,12.367778555786266,0.3116247311475659,10.937634902884877
-1.0353491121375262,1.1411155592494575,0.7131056549315428,54.49191790111083,-1.0362322934720924,13.406732893246126
1.589453014944681,-0.09180891980093589,1.149203983024869,92.06726079261603,1.2780548011302904,13.116976143084958
-1.0456281925994588,-0.28880070931377416,0.7926414942267911,106.6280222288064,-0.7521526455240284,13.467611525935846
0.13376061758475072,2.0398821190108154,0.1958379123981691,109.45093115564818,-1.0293872060673037,13.980874881420437
-1.1482758060003027,1.1671365150135475,-1.7723197846444343,150.81599536208378,-0.4321682224605574,13.033836213627344
1.2462859216136195,-0.4806974455226969,-1.1999528213343003,187.17076503684007,-1.282510825185139,14.847343926033306
-1.1114231863731139,-0.4997273203047602,1.253719762579587,226.0903259157495,0.020519653247583612,12.73320511282647
0.44800002786207616,-0.3323210262278416,1.2924697968188081,14.86206018597558,-0.08316966833476125,15.004325969845763
0.18439735349275366,0.4763333727970374,0.7483106692054223,55.9747964241147,-0.8156156123529894,14.928772345397762
0.48806032740305877,-0.06870993711536544,-1.403359246961127,87.33659686231773,-0.35871748022593475,14.15352024450396
0.3804307114539816,0.739085990358423,-0.7220060398894111,108.09345698475714,0.15323960295096817,13.754467917623334
3.709202342481331,1.0712506460130056,-0.6279563899364294,115.73395269443391,-1.5296265317865292,14.720484448985669
1.4945327084797506,0.47040835976101936,-0.69271427349751,151.35487432298572,1.3977157280010801,13.60651408399193
1.3281199293486958,0.6492091211048675,-0.5754229184828337,154.78419070795198,0.3315815195886055,13.958836251186375
1.3108656005764505,-0.2719793861015812,0.11614550645903358,186.5663697057898,0.1784725438243553,13.44729898447409
-1.5315653190527183,-0.7276495390939016,-0.08659415961110689,228.07373737854823,-1.7598511687198353,14.016096629298694
-0.48410174656275673,-0.5769869699961203,1.14738468090076,16.516384723865634,-1.5142636344526479,14.756188145152272
-1.599801916552206,0.709428134514773,-1.6921339156763064,51.8553863678096,0.14730534721235472,15.519396390743264
-0.473700240075853,-0.1319974154620546,1.0843271956240206,56.33880733732464,-0.009637155499123149,16.18003571645668
0.3624249473988391,-1.08524901948629,-0.5982702126064048,87.53553296632165,0.5674503178577021,15.286177045676093
0.17371888809475586,1.7979391534190459,0.2002910694985302,103.91005308815205,-2.5395746494593108,14.248091761614557
0.8953321879281037,-0.7087313702410759,1.0441156213390137,114.5915279462208,-0.6589178864890511,16.230251532754995
0.38404780917639625,0.09946330158706697,-1.368989589685941,151.81455869476008,-1.6246724747549186,14.895927130419903
-1.186800377345392,0.9884674143884099,1.2287528395075136,155.27026852929896,1.0389264925595108,15.315382886506413
-0.6166220781387822,1.4248809105636482,-0.5811123081127443,186.52003190066563,-0.9993514205703075,16.29570061941505
2.623173127594881,0.10627733514151082,-0.6532880129179534,228.65188085808222,0.7930172031265343,15.515293723462735
1.4183398429832572,0.44760941508281676,1.5018957542632592,19.602746519303274,0.043720732372386266,14.288474613836895
-1.725995517086092,1.9987392940872242,0.32791172620951387,50.97677183093662,0.4052518546155775,16.030836055004887
1.717586998538691,1.3719835037339638,-0.43590611844425753,57.933891741254556,-1.5122327676142493,16.777798802714823
0.8301669226265447,0.0191227224179785,-0.06845620632592779,86.67579040217748,1.1451325776791663,15.785661283860293
-0.351168846488779,-0.1552981734235845,-0.5489737971838415,102.4762142724012,-0.30486722135820554,14.53540113972617
-2.406882815394528,0.34017697704696453,-0.44742437371210636,114.63887842993562,-0.6200925264765388,16.3638492077
-0.9375189531341651,-0.5182139156717479,-0.36285421745724217,150.2017270950711,0.04699637687558853,15.959352053220881
0.7404847564171613,1.0996402605387294,-0.7456029451145726,157.65621236116257,-0.189853605577912,15.038360692292452
2.3471492967320495,-1.6117945876795263,0.07194383115863826,187.87847842600823,-0.3477626048158299,17.61926191545508
1.1409291515990998,0.15787223055024543,-0.41397866847578946,226.7343652029996,0.13689130876270442,16.412411562393842
-0.2866640834117954,-0.30709078774756227,0.21604111417634478,18.14187271334042,-1.1095527714616058,16.808116641310423
0.48175406952743494,-1.5599261671461147,1.7142170852276013,51.091446760199446,-0.38697842662090165,16.71099722746774
1.0792413107242012,-0.4032157885497281,0.010880216821768271,58.76340499603788,-1.5681686774562134,17.074364257693617
0.19498923642581162,0.5436254142423718,-1.1263495135395034,83.18870228451615,-0.6068520808288128,18.4202355225753
1.2926662512197538,-0.34596427296639276,0.4618701305051892,102.68081550977541,-1.4127849182187868,16.748444420651566
1.0334386885539264,-0.5652469511891338,1.6523208889790453,117.93953907678143,0.17820806464923872,16.460236786202756
-0.5508854855785741,-0.36567441324042826,-0.5504420165073401,151.57518257962866,0.5152915752175716,17.202653770318825
0.777185694872492,-0.3267970432648588,0.13678206693659645,158.20437195410125,-1.2504157923142436,16.68515213327537
2.1200662114216398,-0.005883751217111676,0.4571046400133966,187.0665467551014,-0.35895660085772474,15.489886963992205
-0.37507981401106694,-0.7021232000137702,-0.6577516034904395,228.37590947116513,-1.6227128322202582,18.44196658793421
-0.2316492096084401,-0.6324504539024995,-0.23477713489942398,19.494191572105045,1.249389808115048,16.90591573751344
-1.2321065028425522,1.4017262614565733,-0.39328166552289107,51.32535802354746,0.4893495676714792,18.974783204964858
1.2643991970680122,1.3616734817974419,-0.419596728025411,59.475921011976,-1.6770611110728464,16.453639772561804
-1.0873778752880052,-1.0891449854860298,0.41329065176002255,81.91841759427116,-1.2882544235195703,18.66738560090161
0.575993930326521,1.3783498179215796,-1.0174488778208735,104.9019280796123,1.0843222706908455,17.343881985114866
-1.4956729438461167,-3.26014292820606,0.6442795868748628,119.7933454648346,0.953316318861852,18.937933950217683
-2.9022612800392915,0.7364551384863617,-0.666849980409653,151.799236170508,-0.728902168054793,18.559928405220404
-1.6965936670044781,0.04037803922802495,1.6742080899150185,163.21633097624715,0.1384319084554959,17.958712816627177
0.30086566791466296,1.5613258864299908,-0.8422443602884584,187.92692362658235,-2.0635284682007518,17.683734896872057
-0.25717119009606004,-0.33680208985564164,1.0729474977452402,225.8265656952979,-0.5414082396373897,18.29659857453532
0.8217847696329822,0.6983918601822039,-0.06745600630109792,21.970775671773207,0.2218881865029032,20.294210756544274
0.5076615770435223,0.18111050822975774,0.31380712693335355,48.15648371050237,-0.029835333740222174,18.095631777565355
-0.13871952006845298,-0.45068746488555145,1.5310924069379035,57.97981500769761,-1.9373561922477094,19.07838709695625
-1.2050604411890842,-1.721870299978151,-0.5538820657947471,82.45676247943538,-0.5958195640830721,18.384656628620498
-1.2904244245086733,-0.002805336314298721,0.9343359727121273,99.66139219339732,0.9489333280366676,17.934945897809076
-1.14604580241602,-0.455223537724489,0.07818594887707368,123.58383761509677,-1.4734531986205646,18.93619778372057
0.6312912134449281,0.04934681868609087,-1.4607819876454111,150.15817343983932,0.8497939112482678,18.20827954634419
1.5601213719123594,-0.3233942548686993,0.8772872155782525,161.83896041127713,-0.17530790307330218,21.04995193562452
-3.321536067643524,-0.18699168718551124,-1.3207239395154309,187.87223669332946,0.7701881754991745,18.539245810753478
0.0009398598858515701,0.4619508785647057,0.7294584555477606,227.31852460396584,-0.2688165082070697,18.782782121274696
-2.2133246008241434,2.0437585654548593,1.3120740657610181,23.35379580636066,0.5224826392252279,19.47251057763551
0.2684309247001717,0.5243685432746252,0.6334818933236862,46.79811199154501,-1.5032892770192952,19.06472177305896
-0.9559568981041525,-0.7189195936238282,-1.564078881689206,58.49988705988501,-0.04694999905072627,20.041444013078635
-0.7933486575252131,0.9139840576891403,1.2300607426722068,77.88439629574714,1.7985634288374357,21.990817203801882
1.058061494164176,1.0117742966927366,-0.9968728603883096,99.33663689284516,-0.8854304082508687,19.842982903442753
-0.4986549534148138,-0.19237766465802275,-0.5011695029089598,123.18347958421079,0.6250502641317937,20.373221324752834
0.5252522307690031,-1.1669356200768732,0.6149326489184258,150.71893037129044,0.4785591508663362,21.223683291595716
-0.2994038118805786,-0.5686619064874016,-0.3203559555683713,167.63335431934465,-1.6195115945436946,21.113758364454856
0.15736171017686817,0.37871052599859534,1.4419942900886211,188.13315015037185,1.74092505980271,19.58145055727649
-0.9652066711461769,0.3764841111080754,-2.1825768885685672,226.9199199686577,-0.37528283850690475,20.00131398941821
-0.5957265375260277,1.1600590331235858,-0.6124501711837521,27.314188872678393,1.345841155463447,21.35792441353318
0.04461590967503212,-0.4699534907017641,-1.5409086247543375,47.75151700886239,-0.34450488024623144,19.930451281622215
0.8104905330593519,-0.6816080370565072,-0.12443768853234186,59.10509624741595,0.27724514657209304,20.949351622838766
-1.2506137598233227,0.760314658403953,0.30280721023634016,79.57055231786516,-0.22519578271301957,20.113154761032483
-0.4704098374135805,-0.688093580091713,-1.0908724734090962,98.82778594025415,-1.0387763702958128,20.430842408322697
-1.2433223463890657,-0.7340969075781746,1.0875213607784062,124.40777757862439,-1.1455976361188878,21.103811203196503
-0.5381927564497535,-0.627552525310355,0.012380880847355951,151.57579319507585,0.33146195014060864,20.753267750881363
0.017458347966603505,0.6557040128211619,0.2084838479262071,168.26598693204497,0.04717496224132711,21.33121452746191
-0.17365777634660706,0.1578575020882189,1.9539146951751942,185.5600033033324,-0.5642983094484769,20.3140177978869
0.5209181618625972,-0.048272566594580305,0.2222094281771763,227.37775549848618,-0.5321242526354065,20.779231683706502
-1.7208508665017337,-0.813660356337109,1.0819030625080757,27.440400028147117,-0.7091686409168528,20.85502767564078
1.341944998616049,0.7661135888341879,0.3209898397833099,46.61239673368125,-0.10680148731842132,22.323493843687853
-0.8305454274895898,-0.9460512079457706,2.6804941258740325,63.24583795734406,0.243339945912684,23.65844574812831
0.25908220619910316,-0.5241736997946667,-0.8630529097824637,74.30467460732318,0.1801201953905255,21.348255375365856
1.34235371570597,0.3808075261139182,-0.2912701995462059,98.93463501215277,-1.812681906311218,22.58016387767148
1.2554784322463592,-0.27810200536965823,1.131205550134838,104.3309096978083,-0.825341901987505,22.505297450193012
2.3704882884416087,-1.2325210063935457,1.3631324199209403,106.56224063464356,-0.7312313075391881,21.46105118075764
0.8386181186766369,-0.536876834734037,-1.3314336436864347,110.69712863262464,-0.8878981891528914,22.91559763372487
-1.3151294886396163,-0.040962023008312795,-0.2627906560355595,116.5914751856227,-0.11359274470932548,21.827020441831348
-0.33418592771893496,-1.156036148442074,0.11895021186292698,119.28303106801526,-0.19053334185483828,23.297199032402936
-1.6000804852141521,0.05436515323574341,0.24534400330089084,123.0151811177254,0.819420417893892,23.291335492775307
-1.1729583058661843,-0.16193652377604778,0.22595895360358437,127.54730581460305,-1.7300145404265048,22.15094188939901
-0.6520370234239127,-0.9999533348237187,-0.8133282788818834,151.59189184552608,-0.2974970158308069,21.253314395829275
0.12087844244998398,0.09877792790703666,-1.8408900110180302,170.59128854309316,0.2555357300234373,21.45199058782673
0.27373269606854433,1.1320717883209925,-1.443558547366123,189.15444380506517,0.8938364570283627,19.763042235813487
0.4422539879029471,1.0383667328686061,0.20420519996685893,227.14918618248106,1.1835923919245703,22.011415856163453
1.0167543376700576,-1.5203023425607438,0.14430609500376237,29.929124293140365,0.11534431078039825,24.279251568205872
-0.243345673227132,0.9910677054724291,-0.31397674102982276,43.85151445662823,-0.12207901945885467,23.127944578715415
-0.09405551120486194,-2.1505328926574547,0.5915350005712421,62.40415779003458,-1.2128555235467922,22.278397449684828
-1.6137528520799502,0.16307010939969124,0.6160112619052563,73.72664032711891,1.6835689669205707,24.015442760221884
-0.7884129612202885,1.7191743014085525,-0.940075331619629,95.5299710905282,-0.30699041448915904,22.838303033281555
0.4668233456888451,-0.2006925630069909,2.3579382569654164,127.1824636516532,0.7062598308283551,23.17156120388694
1.2765826338955717,0.46764550360552215,0.8947025520569223,152.11760782222447,0.9377924444525416,23.704541178346098
0.8980617995335675,-1.0353485819189885,-0.4070968521826074,172.27941357022394,1.477607272893103,22.56800607222295
0.6382290181508302,-0.2145589020464218,-1.838794769444021,186.42966594784025,0.15538754360786683,23.759799473217758
-0.41245963090703824,-0.512128771151349,1.0706175367864712,226.94999669023727,1.01550380436917,22.20154655127969
-1.8800617115949925,2.1367363378894604,-0.8711859373034616,31.04872778921146,0.12912382839989073,24.09741812205403
1.1321228040661981,0.06478918682223013,1.0791529286861679,41.98229956163738,0.39177757520808787,23.94273846212191
-0.4656614707018691,0.3531660701646983,1.5561153846626388,62.80157766319944,-0.7181220524516307,24.163402974406843
-1.8304561733755111,-1.016169286980202,-0.6749522779733754,73.91754033267203,-0.01887126375646512,22.635086649656298
-0.9616635634366422,-0.7184592381841421,-0.5237220703324206,94.13347028023328,1.3460362220601347,24.933274593062173
-0.5185838511403832,0.8414897304647015,0.2570952145733711,126.94534067562783,-0.07794888783436463,23.03710120992651
-0.14988074416041489,-0.8687316492497963,0.5943273183023243,152.20942654121117,-0.08812132518809582,24.009342255932797
0.2814930652347165,1.6387823403031354,-0.069791209909949,174.74330567105017,0.2747008922446361,24.33619876807901
-0.938161811041242,-0.17081158288821974,0.3764957262936902,187.44676510218662,0.9228753456503419,23.09582902658503
0.6921012151356033,1.8329348833522907,1.036324050460988,226.95389501182603,0.26512319468360285,23.073215628424077
-0.4917467584252595,0.5014420598579716,-1.0227169331969477,31.68676664358062,-0.7763171440772316,23.958944183201698
2.252275151525733,-2.2822389830193015,0.3360382011335027,41.35632215190434,-0.9246057794795067,25.425933250130818
-0.10708825660736752,1.7062658855222843,1.2448514058723013,63.84768671195602,1.5843122913935221,25.09573902490415
0.4974344409930095,0.1687835490168213,-1.6594055413837485,72.22720679548779,-0.2064869826812052,25.124907846530135
0.570504457214576,-0.17978342525823554,0.677139949005093,94.31542502548561,-0.5503041390265765,24.463226686578572
0.5341281495981142,0.2912788464691459,-2.0465960921671966,129.62930244997133,1.0773407637901966,24.174902835972595
-0.1478690684975161,-0.66277796707644,0.5800696940405549,151.6556487855024,0.4730868231030977,26.154308055641994
0.3998887675764645,1.2231023477182992,-0.81441863567184,174.92277368544504,-0.5030260874447069,24.20270736244268
0.942466831574111,-0.04857708288743896,-0.8134161960067726,187.75874625861013,-1.5588636009178074,24.616499756656378
0.0289165454456696,-0.7597389475109932,0.46343845537037964,226.86517937684732,-0.24380469748224273,24.50706998701191
-0.4465401614316357,2.027408851439,-1.0487658473721029,35.14589048031977,-0.8792373027215009,26.203129187349123
0.39242186844144544,-0.40278683847007796,0.1234502996923072,44.23785352160961,-0.7377009776432258,25.656043259840768
0.76564760300854,-0.13716979950888947,0.09747021305007016,63.33989133406626,1.3822043229142718,26.449067362374134
1.0320978637342184,1.5420583121060603,0.854049679986146,70.53047702975257,0.3192142706636972,25.118494198648897
-1.6092804611149625,-0.7110978515625627,0.028388269776183372,93.96368850306214,-0.08002949685468025,26.21025204753641
1.1288021139901345,-1.421388787402231,-1.0954049245670314,131.37467097977418,1.587181863059565,26.235026870449158
-1.3318830852751313,-2.320412560662923,0.14574967479908227,151.71040361218897,0.8109694044856052,26.911683982833996
0.760547177161471,0.6179947261103903,-0.15549855315266217,178.47102808611177,1.122009878649014,24.79057546717947
-1.5187052115215773,1.2252717209601278,-0.6871608020092814,185.31308974848085,-0.7750652627210955,26.46950474476205
0.6290621253625449,-1.4110816863872093,-0.4994375629771251,227.2273761924978,1.207831501931941,27.299713855512387
0.5226389700953306,0.8081999503456864,-0.9663184405350094,34.31732633337766,0.13816402585660065,27.025285195237064
-0.9482377589220236,0.07265484108061995,0.5571062058975143,39.6146027934513,1.4904827342663431,27.69767212639879
-0.9667650935367472,-1.3680879971481665,0.7658406868362568,67.41260435755032,0.9318648281234782,27.08956416101583
-0.3117900703138653,0.8115297987861354,-0.18219629648178445,70.85753464474855,1.071145778386013,28.12344382170743
-0.13282293230547995,-0.7063511161053416,-1.4093704769239095,90.39445978737761,1.1086311408904184,27.347357022064543
0.01896719153649438,-2.0059330958071064,-2.1484839876434636,135.0839834411338,2.039429362654678,28.047214199532377
1.5182182134568822,0.0004357404554430004,0.04989259682562684,152.22683599482176,0.8905983463572021,26.60706108309653
0.022236637878381777,-0.7265817976867834,-0.7338137090081237,178.8850760639874,-0.6149442428136705,26.91922063871178
0.40083074535673346,0.39695087588655387,2.4373960179679806,186.28666481056024,-2.4721494496857783,26.67750141634997
0.36345578617992597,2.4220126715119075,-0.13157001906809745,227.21605085914538,-0.8339802671628365,28.496977241278113
-3.065855062281643,0.35197337703227133,-0.7385433928368877,39.377893914575566,0.8609540323677588,27.402669819959343
0.9025265273069761,1.4629592069298836,-1.510120058984359,65.21845679409314,0.048794578564046225,28.570416740107177
-0.8046591299658232,-0.6909864506341785,0.3840374739095205,90.46584854914124,0.16026808057549133,29.066469753153832
0.6094724935708726,-1.7126491867027942,-1.3295101624182137,134.6589002155502,0.5843012593718736,28.579713502596718
1.0602505254157295,0.2359181223503818,-0.2994765268381541,151.83964385212204,-0.5533275473148602,29.090407767139464
1.6037299508852436,-0.16656702063275602,-0.4912057985306177,183.4448380619473,-0.2132309806526,27.361992074957
0.9999059733286703,-0.23951124754238207,-0.15662646247021556,187.95281965957838,1.77107965811506,27.284937489537857
-0.3925092626765165,1.3288584409897761,2.1982231659286366,227.2585914729466,0.28208295130763705,27.887079480714664
0.8356046764518832,1.1534877931676086,-1.393176484615461,38.53177451250663,-0.3615734955541796,29.570277140400094
-0.34969504689198416,-0.6847064756234678,-1.0719520062608574,66.65011518329688,0.07376637054559967,29.459058281339523
1.8546577001914746,0.4304488108372778,-0.7627087959217033,90.65315545556165,-0.1305777492742408,29.170937747665953
0.6924304732548554,2.337299683315575,1.1808323708218043,134.55974371410687,0.7516110225738366,28.29335927698534
0.31210130696434973,1.0778022426700786,0.44774826267253065,150.28820182137304,-0.12244409311833336,29.515139607679345
-0.11247631550477949,1.4387089142933784,1.04717925245148,185.84237735444236,-0.31493071705193687,30.204189041397406
-0.4452420819126752,0.3384020511740084,1.0643378284899252,226.7535170039566,-0.18314788378672875,28.807358855048985
1.3665869198254912,-0.2685459152905307,0.9937000371304567,20.347264153576475,-0.7256185361741194,35.8506082796142
-2.013313351089092,-0.4354464795846489,-0.20619944278847166,24.003062360784064,-0.8347380529017899,36.73590150469381
1.7863243392291306,-3.3827031637593663,0.5393324216896902,25.67034579715223,-1.1067047819504372,36.05646146902542
-0.020440948334044397,-0.5542599762621031,-0.04168931322978338,31.35263632465906,0.6135855578836249,36.851750496747115
0.1909082388264692,0.8129127644685982,0.1275509157180771,35.11995743682181,-0.2660131216029904,36.49327569690149
2.1998274636823103,0.4993753870428887,-0.15183794684183102,38.59502868484782,0.09328495406167987,37.36698782766682
1.4152867640533442,0.6986941598001539,0.16136714962885682,42.18089662369147,0.354924189732193,36.72638659802491
-0.2540580329935461,-0.32465317391443604,-1.6612648727402113,47.09577439401951,-0.9361075047484079,37.709989256090566
-0.15673759728421688,-0.6422640549348725,1.0700322851740882,50.44715523442954,0.001368413152613276,36.776664451387255
-0.4154586273607143,0.48857590527649863,0.8875151750310074,55.985459984897794,2.343747848331145,36.74921024211311
-0.1959528851472102,0.3303804381760682,1.7734960987319168,59.97128177552697,0.004537576602356101,38.22830158775745
0.8554623537452624,0.8806340824663147,0.1991997220204533,62.172926645916974,-0.04441952170851649,38.30060957616589
-0.928062241414486,-0.5909227695169024,-0.022806733729855137,67.2235216825998,0.36969383975921577,36.28655314763421
0.8147492703209032,0.37168299641681557,-0.18482721362209456,100.10034602888682,1.3256077926509278,35.26741111522621
0.9179900339973074,1.0753094383999313,1.3942606187652897,102.60902799631779,-1.6758174065670353,36.98583094610497
-0.5760002119929251,-0.4412090249832831,-1.3423609324570682,107.22016945630926,0.23649347402348464,35.75587791057976
-1.0655756938875396,0.15897812627430946,1.0112251187377381,43.94585467893778,-1.0370025656867796,38.049893533225095
0.24113092446062653,0.7517523693691923,-1.7373119725380415,91.13552796244784,0.2350074176070486,38.117794327507994
0.2785718896936931,-0.631631232270979,-0.8614837979755269,95.4985929735677,-0.964188258710612,39.20097180304088
0.24679703523409752,-0.9299750502178052,-0.42934097934739984,109.32631222589166,0.5850752983934934,37.78086376820862
1.4097772896672753,-1.2951779311007454,-0.39300896268725594,115.97161008856745,-0.18041074487483166,38.37741504208642
0.6273148663503032,-0.35864987925207764,-0.4574094122457572,194.70804911024945,-0.9847025608164172,37.278019591062694
-0.140809434991868,-0.47795216016539155,0.5439581943200515,198.0395097302231,-0.908162775304856,37.60306609050102
-0.8896706040693309,-0.39129666638964034,0.4962144911670721,226.52528129966905,-0.030548239210292493,38.79007638734858
0.9558798968126269,-0.48747841381866885,0.010415481765667239,231.36941884290812,0.0334644434768638,38.75205242461365
0.25915316655812726,0.39469500295533433,-0.06254996395566523,235.60474431521104,1.6128716249202046,37.790915468694166
-1.1448277218980922,-0.29284705116702064,-0.31759607558730596,325.7254917101538,-0.6960071551181394,39.25554271244934
0.19486667398781127,1.3339533013236355,-0.6956285726172232,331.60861121880043,-0.40829490593561246,36.597550178990495
-0.33294488531482774,-0.15314558037385131,-2.102793354270739,335.320932056558,0.5580756924987283,37.91003272732371
1.4619822619931282,-1.5276174924097552,2.5905050817832023,41.8633069006957,-0.9946478297880758,39.37687181030596
-1.0339277319595848,0.658270052813768,0.2016382864505635,85.84231784283614,-0.7616679538078104,39.34517380937932
1.0695115762921632,-1.7578228070055575,-0.6377732968995367,118.64959214818423,1.63257127609751,41.31549645979151
-0.5236996458566546,-1.8461753603961262,-0.5705124877443158,192.03549234724255,-1.631211509759466,38.45013768395422
-0.036565057501816524,1.9951000600068267,-0.08346733935318071,194.42667470150525,-0.5443841996315966,38.53056780074772
0.8439529364830285,0.27203562920762653,-0.4199692367216218,228.81661839270907,-1.1413222332730286,39.76962166660282
,-0.11360904871880546,0.2636333241482032,235.90718285936913,1.8327379026575346,38.75729512271088
-2.0314283032440588,0.39249325921648526,-0.49040435255745124,238.58108733823406,-0.4263417449693682,39.26280925196459
-1.910587125038305,0.5844702690642469,-0.6670328018989042,242.32049243375135,1.0922106395151476,40.24672476501836
0.05387102710176905,1.405792175998652,-1.436842503151055,287.5705732699449,-0.029422004541312677,38.702278763786914
-1.825303694120448,1.920485006633907,-0.40813087092458133,325.87019737121483,-1.1475007755015454,39.44065443975523
-0.07252348801843686,-0.6827108729508148,0.499526681314316,334.4654128075754,-0.7747859842687417,38.812872126950715
0.16462242211290884,-0.06451610454225631,0.11822631585186642,339.5095968290897,-0.581368626260327,39.561439979280586
0.5630803304627142,-1.198969128639612,-1.8867072187341065,341.37093949357603,-0.7136671685094577,38.38021521840215
-1.2326256321845133,-0.45650156525534263,-0.7158828029012351,43.275526180768026,-0.5476339482004514,39.71705881654904
0.3374442852552351,-1.7911896510670915,0.6822077880654438,87.83519790954422,0.9829455520824677,38.68558589260827
0.23244784714595887,-1.35140613026464,0.8114892495373689,118.44534142376303,1.9366422158437142,40.626225592806705
0.7141884729866111,0.6633709552698104,-0.7391733572464853,187.07211107137036,0.5453222655281723,39.63616264333987
-0.3487156641409232,-0.6816236372722828,0.88867837238577,191.34684400499734,-0.6143903732139635,41.026309754817675
0.9365696573081026,1.2688454991220126,1.679378492929987,225.6296399400337,1.2668281871320892,40.092715984489146
1.3731986530303426,-0.532062312909384,0.7239947535651757,243.60224119545992,1.070580027497945,39.75073614668893
0.9179490626077722,-0.5552104277073607,-0.4645500681938153,246.59384019356636,-0.8965330777512468,39.897715059309746
0.11282589020842418,1.1388242245739149,-1.047645552128826,283.8120877663581,-0.16189012351213258,38.40118668626523
-1.4430592826122772,-1.2867190268506603,-2.561470261781189,287.7520527910593,-1.6340934912768708,39.92259090637441
-0.24299140846226183,1.4016848293100728,-0.09956859076494032,328.2033843025707,-1.5420400587665544,40.71193444830973
1.8829094374833073,-1.2176226462691149,0.7040088292609377,346.7389386568811,0.8412431295814394,40.770360866791115
-1.2937600479331914,-1.2976513158648366,-0.5684149024597657,43.6353098056472,0.17821666806928632,41.38649930910556
-1.2429912997413926,-0.5593049821233672,2.9881901555282613,82.79449483954058,-0.4518830191204582,41.273305502608466
0.3054798097173153,-0.8443998724876092,-1.1930791668129432,123.50732360034033,-0.5563344936769404,40.522891609051605
0.6877516931194139,-1.069845176391307,-0.3066390616967279,182.19461688708893,-0.1909267294743639,40.45783350084112
-0.0008238897732362908,-0.302661238812326,-0.8486800134095257,188.3292476787497,-1.144048065191185,41.779805862422315
-0.24164554399482932,-0.135621589993794,-0.04860201604730895,227.23192802953818,0.865624062923797,41.79617035613176
-0.4248887138010997,1.502864746922669,-0.6100678925400933,246.16015421007972,-0.378396591672356,40.65301831605215
0.7170520668428607,-0.27439695141006015,0.13128584604258078,252.08435518001278,1.202710462903953,39.319771267579306
2.0203562479483215,0.463287291757941,-1.3564127748923873,283.118355573472,-1.18690280879043,41.76092654951113
-0.36446816541301785,-1.2352130869993339,-0.6431020397054411,290.5171304485033,-0.8371728555459664,41.083515726423855
1.1797746592043832,-1.0406375401335803,-1.138467045014507,325.72582908503784,-0.575057741161059,40.2392168369816
0.28416641725438946,-0.8216169356117086,-1.2707649891398152,347.5805160456135,1.668160269098445,43.03996939182565
0.3807616481148211,0.09619072654046569,0.32550528313200483,350.8840969149015,0.4932539391053333,41.34850236295207
-0.6429828401892064,0.353967634124168,-0.12100972086530737,43.38291080210602,-1.9723278572373373,41.30844996571378
-0.08443750438318431,0.15758424314335331,-0.8976132547769691,84.09481723655743,-2.795972092019582,41.75831399595964
-0.19060369374555627,0.39358147680206435,1.9043997917258786,122.64151360110928,0.042965729709989874,41.83153187207233
0.12517923951445814,1.1072112588508753,0.5725263605762702,179.53877066162445,1.9666958390988196,42.12829372108403
-0.16209802842589272,0.11709953641866265,1.0216940591243584,182.68139217931483,-0.32835858508517096,41.9286736898999
2.598772539485493,0.16106441749281572,-0.6394115718938024,227.1710670723416,-1.7246391057828705,42.13490059319023
-0.5452838895919683,0.4840133510126315,-0.26349269056041125,250.4261653024365,-0.3378657905315446,41.673358544621536
1.1818770185320973,1.1952921184166274,-0.17556590758087398,278.6494142263114,1.514169771466183,41.79248318890577
2.040358172712629,0.34222680992416993,-1.5363909145988073,290.22599013463775,1.8848910070599258,41.18396533828701
-0.16616320967513334,0.7430762871691283,-0.013732523498944037,327.7937316539038,0.7806060160704726,43.16111728358836
-0.39287652288863895,0.8602456414370399,-2.6571799969447256,350.14418383945326,-1.8672374558628835,43.38437276791141
-1.0743003813429446,1.2192243219421797,1.3256371034797099,42.94044987089378,1.3698076658217346,42.592833850878094
-1.6445502406828674,0.3422103677936164,1.3231556382796443,80.24633969654697,-2.0944917952418582,43.37605903333034
0.4305989272673998,0.7687566142293344,1.095436031999842,128.46711768814887,-0.5104183133289216,43.65060022077642
-0.5147705818335478,-0.6041955537032588,-0.19189244478391604,175.2628026130624,1.5857514105691481,43.48842427991199
1.8891195696405152,0.09990465456536517,1.5686965093623553,180.39858884435083,-1.0773384000278585,42.73199966175444
0.6630553670129787,-0.46049355284230903,0.4582410506556072,227.58612565900162,-1.3744595474068082,42.977034573667005
-0.9171755519934678,0.13154271910241921,-0.019359348189691716,251.25157020364384,-0.33782839485690014,43.75887736703222
0.24982237859949513,1.419254710480086,-0.4853322077813426,279.386309667535,0.18205749269564658,43.17568175714832
-0.6114016455876948,1.2601251507537312,-0.4073765135756422,290.9857642704286,-0.37218733889465455,43.62685672327906
0.9603166154146827,0.16589357210427197,-0.7882659023557425,327.30537675243465,-1.4703167974402243,42.96683075910698
-0.7893952346139333,-1.6919580221823811,0.9840797189086528,350.2152016621866,-0.63426816394651,42.49155913488973
-0.07197928392828125,2.702557016536713,0.4397995310322312,43.712339373931584,-1.6142817748964298,43.04125794959112
0.32761646463223254,0.08717136715990509,0.10273282371980015,78.15195711814219,0.41796621374892173,43.84490290108344
0.6108645749946601,-1.2320183012670403,1.645297674351906,126.57649505900018,-0.8438397062739805,44.41589913618889
-0.017491752050459084,-0.661099915364784,0.677832420598029,170.27311477752622,0.39784804905392707,43.25357834837286
-0.618591156986929,2.220511313431243,0.8090172748650686,174.87677772864245,-0.43543561622027094,42.73272201397652
1.596934346369073,0.755065594340429,0.5540013527341714,227.01250378764155,0.4929506533552783,42.719272701154644
-1.0258283416341247,1.2388077260678272,-0.6870855850960752,254.02085650774276,1.025074645796241,43.99749838688987
-0.3368038012171854,-1.7596361765743604,-0.6471536319690059,279.1245759420106,0.5406324461728821,43.61265588095256
0.3785905665548833,-0.4250543666874229,0.15875310339604076,294.3229166457322,1.089726957035674,43.79849176589179
0.5733510150325597,-0.222370850471665,1.6806154647265161,326.9510643484813,-0.676027115739288,44.06498861436678
-0.08835616398488198,0.43324620318399104,0.06162167962903093,352.39587777410605,0.6950554548175508,44.88361689486632
-0.6494075958198914,-0.6766797537968772,0.8467237740969354,42.96092729439574,0.6729099759259044,44.37940191612479
1.0169433258307066,0.0363006840691072,-0.9324611085677983,78.91602281565956,0.7887418972942695,45.52542089912649
-0.9873848264853333,0.4207354367540438,0.1743290095029859,126.86172547500202,-0.07757749545626266,44.20410517500641
-0.4829969378768203,0.397032561280198,-2.129987118643305,170.75990341941673,0.7632658158886698,46.390507743337295
-0.9544878342135672,-1.481336304777753,0.46643719855620125,226.61569275161153,1.520297596950542,45.453236612536884
-0.2531567128047634,1.2241754546638743,-0.08570080613973223,255.6912118016414,-0.14015687160283963,45.69889465087369
-0.2892972639421528,-0.351381927829417,0.3075637700238816,279.5986799955612,-0.4270102420476632,44.653911881937184
-0.6401148843680549,0.08563891729014264,0.8898541013089935,294.1484834151075,0.14984698446428804,44.82681727967843
-0.3238130058993294,-0.42176168737557407,2.634391510056887,328.0540533869949,0.3320014135270689,45.35440431805177
0.774933590529506,0.49136892962540873,-0.3440771024783972,351.33782448625,1.432658056141044,45.50224305698404
-2.4723149774665005,0.08059372421971826,1.491488475772388,44.00242334775925,-0.8289373204402996,46.84005530271502
0.3813097381187265,0.13251182479954698,0.07313818662795195,78.29429441254712,-0.6549313453432191,45.42395903488671
0.10330715582374864,-0.4003557914643831,-0.5231297793442566,126.10117808370995,-0.06867917528148292,46.68224447014882
-3.205641688514161,-1.5448581676212025,0.5689576245148718,170.352524027771,1.3465458495442935,46.9438863883377
-0.061877516665471345,-1.7166640639306248,-0.5747591962848103,226.85318103692575,-0.3993117893372145,46.264329879487555
-0.038299871057388045,0.6181658151577243,0.26722005290410994,251.32308563883385,-0.26616859956091576,45.28517547487322
0.31802512785706527,-0.16290127192279572,-0.0252862561997554,256.1646456263548,-0.2058737099466103,47.80236567547067
-0.5606042801350768,-0.1714514988167391,0.7334501371915666,276.19652585227755,-1.5984098168669145,46.32148551604813
-0.09220470826874021,-0.6641823024035943,-0.538360209989916,298.4037002825049,-1.3714730181030887,46.628274229563715
0.07408526848554056,0.27414579832647695,-0.05780257953896115,326.07772955190126,2.3251172173611296,46.400089493316116
-0.09429416201789009,-0.7787528245169066,0.36115808122871423,347.9010084871437,0.6547853669040613,46.94231282019258
0.087236541174519,-1.1345273614433633,1.9309235236561917,351.0563181900056,-0.7351623244825727,45.61903876908519
1.0035442366984935,-0.6546848107917889,-0.2139325230291183,43.69081609603014,0.5380403291840357,47.91243340082002
-0.3547409730061081,-2.1865757935231502,0.46889533122037963,78.52619375239455,0.5599589119016767,46.0596968834564
0.047734857623932994,-0.3644719644310158,1.4705436647939583,126.55136284500749,-0.07222843839555589,45.245712218624604
0.07951362347703451,0.504483381701427,0.239441952414609,170.55054421403995,-0.276661026345365,46.56345145701937
0.12149477535257673,0.9504208865782371,1.1850613169256545,226.20589231752555,-0.0004942746495146693,47.164136664540735
-0.8696076034599641,1.376010711533078,0.8923745138757904,246.756744578076,0.02614865573802858,47.66430462718483
0.9854447140259848,-0.5388389178992655,1.5109210659139838,250.1221193425929,-1.8910351939438748,46.287058875093756
-1.9735783511877378,1.7796766993079305,0.5364744450193927,274.84456938571225,-1.0238809711546382,46.03216169407709
-0.3668518628528498,0.6963827004230213,0.9266408824354099,300.07597746813946,-0.1455012400163851,47.032980974960644
-0.8171836150627593,1.4863130307254588,0.7470091689427412,326.7763260090395,1.1778089306119561,46.18735639819046
-1.028153105726847,0.09798090205223953,-0.3069644358190284,341.7276703440169,1.1013659988574982,47.79051583466476
-0.05559337598631062,0.462439650530159,0.9447221194422039,347.7442394723992,-0.6700113397933126,47.3982145292344
-1.302026421127034,0.29425521577381986,0.10930029864680131,43.981348851641876,-1.1231694114794402,48.25188358063237
0.27017864584578744,-0.4544740638615769,0.38026032906456253,80.34359830702431,0.22804548569032676,48.63099537874365
1.2947366845454824,-1.0924763066509895,1.968272811200616,127.87903087338395,0.11711278079660492,48.28503167440512
1.5532676961560277,0.3385079212967327,1.1974399081865343,167.77122479029305,1.0049224992749486,48.368933578487805
0.7847011443404234,0.48070674006041203,-1.6597518292054487,227.16190705266465,2.0129801977421216,46.91052561607176
-1.159732757040678,0.44497265097183014,-0.23290888404345783,237.35575333991721,-1.1843369275404967,48.85773755577458
1.8620471726166168,0.48651880376838863,-1.366015541367553,241.4290080409426,-0.8746222021839319,47.80810927692437
0.16691461455240336,-0.7643534561144176,0.2776134430556175,246.06882726578246,-0.6035616177563471,47.555453524335235
1.3171647332524874,-0.5545301939271305,-1.1317475714141205,274.1707452971577,-1.650061279437965,47.89987087336258
1.4983713013976587,-0.7554389097459222,0.9118773945686481,299.84249891923037,0.8870969987575298,46.862649388887874
-1.1293968800619891,-0.14172463244470743,-1.5510823998262249,328.1174946709138,0.08556785574547683,49.054041079621676
1.9798833313556974,-1.0011843055121936,-0.661155188258261,330.7228829891865,0.7389727704891768,48.331422809168856
1.284666666601068,-0.5504931456000258,-0.8050733254265555,334.9818482499051,-0.9003513050702163,46.98759790491765
-0.4191854555760862,0.8264715150794031,0.359926665091995,339.6489255750849,-0.6874663957226792,48.7258211914192
0.2884272268638172,0.06144290529840107,-1.790668420576158,342.38167394536276,1.8081317837477415,47.69552086215699
-2.2633021252687184,-1.3444882989606384,-0.3841233525472217,347.9635784995149,-0.07114846144918806,49.77455327651903
0.28154763661600746,-1.3643789011819396,-1.5887986742262412,44.03680725480918,-1.0179524780463696,48.85313402871554
-1.793714255409476,0.24464274195352362,0.8885825123700268,78.2910969669754,-1.3734268917077215,49.86383803533669
-0.685748004244245,-0.9697514297245382,0.40624640658668637,126.98357967676198,0.6058773912044856,48.02768344457278
-0.896904768740929,-0.5218565254806982,-0.14875699434204204,166.08935462403755,0.46447285482351375,49.50718721581302
1.48206339507938,0.5503438674263363,-0.18507538141077948,191.1089468349596,1.3869899009208888,48.98322088306802
-0.7147061267346607,0.4406550706092405,-0.4297447917282435,194.98081172481318,0.6548484552551996,49.190654715818155
0.8708921083319174,0.3640917260506548,-0.03326715729972855,199.12972550266554,-0.9887089440764009,48.060362822329516
-1.0269454474264958,1.3793507041405721,0.7865123985388488,202.1705384738789,-0.8513975663053408,46.9283811428819
-0.17408891833878504,1.2198640028470626,-0.9098368906635957,207.8397047248068,0.7961288741146126,48.76242286885682
0.8281374937843444,0.061507605256002795,0.6055427571858477,211.11997074788923,0.41156435956641785,48.38902966778334
-0.30143886341466347,0.6643515066158021,-0.5055355605290863,215.55916908180242,0.7338591796677211,48.37636964438456
-1.1210630932428198,-0.022803238714371798,0.7773378245831846,218.01520007755852,-0.6431595161291793,50.198151283682115
-0.6912771582593125,-0.6550757758255951,0.4066933359731352,226.88407700742175,-0.1587345412537046,50.12096182116288
0.4392551426554558,-0.22558238659931337,-0.44741380040816725,232.81825033168786,3.0591994466217995,48.525860246057704
-0.5662541204948002,0.5382141442290934,-0.8753690597716611,234.3137988426562,-0.9111497596572818,49.26828513063613
-0.9326343508174348,-0.2853353745163175,0.6212934754794401,240.5825420562309,1.2372727398773717,49.31214950715613
-0.2607398504360671,0.7266359990053738,1.5194956163295195,275.4064221751689,1.1912211842696108,49.1565002829981
0.9651877088034042,0.43307461592821117,0.5162555001031758,279.81119919974316,-1.4987090897863267,49.69644421232728
-1.5213612956761637,0.23330381892276075,-0.029906368233665003,282.0417704325334,-1.6583722039687236,49.70119583719112
0.8645550657992818,-0.4977917940049274,-0.7704663569675739,288.2086225015163,0.4385581574443399,47.81141553661798
0.11667145643931644,-2.186163410741417,-0.25486822533743575,290.9340165661273,-0.0183164232567323,48.9159212788643
0.5583554595903139,0.8219264035679709,1.84880146080197,293.54226764941734,2.161872140486415,49.18024861201839
1.2798785730763338,-2.858244648794591,0.18790959099401283,299.4826928795518,1.7793780384825841,49.29337571491396
0.3802650143199487,0.42612232194337685,-1.1921735935612392,303.11994923965096,-0.07168283219659372,47.554524838998226
0.5998996826198415,0.8335904136083699,0.4073649778820309,326.586787611196,0.4771036848995466,49.36413816284385
0.3659887440377529,-0.41953547554266357,1.2913911248980883,332.1152856002525,0.4760309862538921,49.46094327277607
1.3035181522192962,-2.42127344140461,0.6157612768529682,347.82517303510446,-0.5482421105057916,48.118255083839934
-0.020051503902673573,-0.05461031015864868,1.4108076116449317,351.3362423102497,-1.4275393637427993,48.939254454381256
-0.08817069993124345,-0.16987240987438673,-0.43861657589680264,43.570785238320234,-0.7730229183397548,49.75288586388392
-0.9481145928240667,0.10482783109502898,-0.9494218056670548,83.14130516517147,0.8808827805562184,48.58598605942697
0.7591381494970106,-0.8162119973279578,1.5049987971695005,122.86200595831923,2.6477338497511758,49.870614911959734
-0.4392688274758887,-0.16306697301276404,1.0327964888701364,166.40127946734032,-1.0337688760072463,50.84509077102555
0.36236554511168945,0.2408623492033409,-1.0072993373449555,215.17557267860622,-0.6627291643231376,48.54615941378974
-0.8995061729364935,1.212636930592531,0.2648070733612023,227.88489823644173,0.9021767899699834,50.89240832529811
1.3881921654098786,-0.40155054566219345,-0.7996137529326595,231.30758356419435,-0.04371751420113333,48.72954127516211
1.7158845083394934,-0.6597826492789254,0.9338406073328442,235.5598592622914,-0.7577196005850664,50.296335901953775
1.4915076370788927,0.5331733335737057,0.33658430047547594,271.22294338672276,0.09224863471073932,50.585469426333916
-0.09808030183244242,0.49334960470935796,-0.9898887506787917,303.0977302642765,-1.000359602178598,50.13451391869156
-0.6129807986350886,0.14067891256622497,-0.3110039459391887,327.365713679488,-0.5228755543612679,50.985568494474144
-2.0608618983326643,-2.2846367680094986,0.9376897115121808,349.5289514199511,1.2952734829227912,49.69775986105653
1.8058278937255943,1.13025439487427,0.31493511609188035,44.40863437778117,0.06930511792892259,51.370748509721714
-0.6523440967378613,-0.2794899730390358,-0.2864369568032124,82.47703155501758,-0.4717445696110851,50.054256197445724
-1.0397188360514975,0.4802826026904045,0.016244023454041724,123.06810396268332,-0.909085407703876,51.39598523155814
0.08460546614965322,-0.5378426398079823,1.3934300799136505,166.07939287214393,0.6662819985043925,51.466203532640286
0.016712034235531074,0.10158790939719402,1.0566165251902022,215.13382522942385,1.433411295476227,51.12110858744068
-2.529533577985884,1.0756379750071186,0.09862573693999048,227.59964828312903,-0.5453095214257795,51.483380016389624
1.8613651131005646,-0.8751785551089896,-1.4295960746502756,235.5826499448542,1.1425511865780735,51.93577194597247
-1.5023479775577122,0.78754588625305,0.7796013430915891,240.2680058561549,-1.5320223818037302,51.10554759073625
1.351546975118265,0.2110303190040671,-1.8779253744618905,269.8925456235609,1.0703004151543876,52.05548316258965
1.3491690317048541,1.2174448295425093,-1.4228969300519103,302.69968927598336,-1.3327552859916707,50.34605219055874
-0.07215182426057432,1.4694474248038467,-0.10275703800824104,327.32110611816955,0.6288524101810037,49.89341518729846
-1.281857554438096,-0.38242107786026086,-1.8441911066984384,351.10733661681667,-0.8629833388502838,49.94740935055402
0.46189597079498523,-1.5948859435221827,0.6417122072306609,43.004920797348994,1.4324098903132696,52.097044805707085
-1.180476415519538,-0.3840204056200501,-2.9219142485948963,87.98360256851777,-0.8481615039896714,54.15313182069231
-0.08383473632660181,-0.17734961420072934,-0.5438652404310081,118.54961158753261,0.6017191118849404,50.893658901571364
1.9011360406171578,-0.13217401070796003,-1.1818844715213623,167.2886647182563,0.2121968691782177,52.84024387193223
0.3119169137300591,0.1910493280098136,-0.26940389444176593,215.13296820679167,-1.0438009745781933,52.45359517790816
-0.44290552788880394,0.01894123003455396,-0.21988712414235428,226.73916750991435,1.062382830428028,53.062352815839844
-0.2692471129216161,-1.0190543475001759,0.5393883795068659,238.57905106102953,1.048539239583937,51.82366101849646
0.9392541841745332,-1.1722614138776684,0.19300126009682006,271.72957670659514,1.0813470787298454,53.59081342926214
-0.2656452329314631,-3.1173074316238547,-0.8513440821723286,306.3816215704709,0.8843953270581039,51.5052065166209
-1.0543630929278562,2.189699094213694,0.24108012078382515,327.6278296441412,-0.10268035562169424,51.98788902686774
0.129046019994783,-0.14880108133605296,-1.2274400459729997,350.7050921634087,0.22270153362142406,51.92308315512279
-0.8789531734864846,-0.3131965777109974,2.7640321546342554,43.084022956357295,0.4960934131530983,52.84116363547969
0.12961922639670595,1.2938032715613554,2.4280904687929086,87.4955765288432,0.1062447227895705,53.88964176239861
-1.300173761389949,0.5135715351991655,-0.7924052449839999,118.58924083766072,-0.9431716965002446,53.15645000148155
-1.8455167135099726,0.7444680711919306,0.38460367486726277,166.25488266708038,-1.4721329533563583,53.33404439801045
1.073425683167311,0.5811465766295227,-1.2655123385896305,206.26617423154732,0.4358219492778485,53.17671185413719
1.6340630796445084,0.35477660435580244,0.3063418095705416,214.68714464206766,1.241610569022575,52.8960682198232
-0.5188536901275662,0.306699089275345,0.24070372789836206,226.80188068100315,-0.07101825363873752,53.0201620051183
0.44527734370199606,0.04430750237057543,0.017061142712749725,239.3900556311851,-0.09923292278187881,52.448465748580496
1.1058609592453776,-0.8290920103592235,-1.3109192429962546,242.51784654509174,-1.6812667633694658,52.557800525584575
0.003098368082367353,1.1171010265520143,1.7443220757456033,270.4158060123747,0.773762384862456,51.68439885207599
0.026280821523525906,-0.04449306107402502,0.816128865810188,306.6491015506959,0.11928297091977955,54.21750034242545
-0.7284535901614517,-0.4791081046774005,2.3035779581021867,325.7786113536871,0.848864699822909,53.81944776933862
1.5179849079947974,1.5007749538165596,0.438201523742553,350.5919875174556,-1.618076630422791,52.81512786404821
-0.4803487938203802,-0.5973491944003125,0.09095673822212828,41.740745634930555,-0.46752701464927554,53.76621238220676
1.5262631488616634,-0.39939569515986534,1.0856247228740386,91.99066863515954,1.694793200948868,54.201246690831
0.6596446130644665,1.3531577217794526,-0.4008870725799678,94.58622200809299,-0.07768209604566571,55.19793394767814
1.1889173264577966,-0.37521903973107223,0.8704353151876966,111.23558777973714,0.9624389969563627,54.48240984328088
0.9012700894310547,-0.9443620724264994,0.7815551606697794,114.57023650630299,-1.0957216227587343,53.20999624794064
0.3670649924834016,0.3255202534539036,-0.5929962908779922,167.30932086296562,0.7637185463838265,54.36616090135148
2.1394533382692527,0.5316498229767483,1.6688176803462678,200.8073122606223,-0.6499549067514464,53.54545763791557
2.2808378475885323,-0.7354414269521906,-1.6477449567805178,201.85175949252692,-0.9590589000388073,53.56656540341866
0.950561395062923,1.6230774359393907,1.356502065417251,207.92382857667585,0.31694481208432507,53.4195205972238
0.07462532697007342,1.8481492184572497,0.17987762380289427,215.34369146956138,-0.1599091184462228,55.67120718921309
-0.18311764662901325,0.46766679881137685,-0.1427403034000894,227.2687465112541,-2.042110254436739,54.602603963525574
1.0350935120026963,0.32238243913809833,0.8736502145956152,244.1994180439314,0.34668139415910537,55.05765403116148
-2.659919131920632,0.022682134576122785,-1.371910758297651,267.22169639319173,-0.98582299447726,54.69780415472937
1.1629290262357785,-1.1126288199128327,-0.13657989628647454,309.03751477153304,-1.8162263448204783,54.51639455911925
0.39994326419390513,-1.200613056761247,0.7495815171283721,326.9029842610093,0.6726486429308167,52.70920619635401
0.2709979232098479,-0.9506405151981483,0.8817627959013957,347.30375975383106,0.36421948369168927,52.598763577543885
0.32595385407842914,0.03707575764295893,1.9229609916611223,352.0867505446737,1.1341498243154073,54.18160476501861
0.5610974587708369,0.6995405440683529,2.055399322061981,98.4176964900105,-0.24776756104413075,55.067144242920236
-0.9094960265501377,1.435701828041782,0.7032683666304722,102.65853653046243,0.31552958918894547,56.79986592135222
0.4104867358054714,0.502860554171085,0.6122239807779463,106.36770184865668,-1.2883865331417443,53.97060213131232
-0.9379154100480216,0.04738542806638058,0.052621468722299024,167.26096413374606,0.06439030922950105,55.615197722149
-1.136739643466509,0.4354101771183078,-0.23731436136268452,191.1832017655478,0.36432488092771237,55.06003635746247
1.130977020256597,-1.1635373306675407,0.18432096423253652,194.80433832591328,1.3296287708348788,54.27070132974806
-0.8696165497867068,-0.2403888484107725,-0.019267918888073873,198.25700099061822,1.3745539398802444,54.4863829348147
0.34494690253219656,0.328779513373672,0.38353433601049286,214.41121166806235,0.09978587731188009,55.12687407899548
0.6191869307323941,1.475810743441231,0.5796342655414765,226.64366242948236,-0.04516314152708494,53.64673173535388
1.5532005072632697,0.44859615143714987,1.5775223664812437,248.1279772965594,-0.3346494286590016,54.886091794551874
-0.2996217816646273,0.5935184954702655,-0.35330724701984606,267.46193391022496,2.654781370976113,56.39214687230403
-1.748349708357596,-0.34320177412407804,0.7030817886803242,310.5601332444168,-0.9253494521659816,54.96846310969076
1.334166278004071,0.17068096949087888,-0.3896497271700304,326.5619666914857,-0.05095369196086257,54.339079723232636
0.9432366797622642,-1.4534505212030169,1.507477756335737,346.7358372323909,-0.2352768492494182,55.15117699053313
0.3050099097201784,-3.12828342628389,-0.18589147735355022,166.54190623565498,0.1048164442914189,56.64190408706061
-0.5329433837450077,-0.9156790849962723,-0.36731864953604754,171.48637887656744,1.0023500064326882,55.51077504540817
-1.9735372142838543,-0.388923221699859,-0.42293665870802327,175.4982670618241,-0.1778328326791429,54.72509838553313
0.45670135344431495,-0.9500080598033712,-0.20933542637499253,178.84838610439132,-1.2866019678426004,55.428780410389166
1.0869151526699994,1.1447171763045443,0.03286075492413889,182.17845249305174,-0.5319169274033672,55.28231819933355
-2.414178858198972,0.1070044320110535,0.6804917106633191,187.0945652862507,-0.9511318130022456,56.6311697904162
-1.4695285366996391,0.28737094426226645,0.696641765481735,214.53788317553537,0.0007557917858370875,56.47825207963026
-0.5195746221657214,-0.4600433758635337,-2.0313737575600173,227.12929164288997,-0.2823139411648339,56.07905572185763
-0.1698440843783792,-1.6551286722834464,-0.44213606928313426,247.801384826729,-0.29983958282276835,56.36952042523891
0.16007579105637726,0.5432107403869321,1.2001095758503655,251.2555356987164,-0.6303071663100998,55.914042768010304
1.8234750468855838,-1.5586108408962185,0.44560196595992174,268.18585551097226,-2.261034073986602,57.48241460717761
0.5173565829910051,-1.6763192188950908,-0.1481088154355375,311.6993407056117,-0.4732333642048247,55.99705774546195
1.47282303998048,0.7740936398626891,-0.7948072067783707,326.1030327121551,-0.4618002678686577,55.5731512466984
0.24756510920701041,0.14012142312825124,0.04441862348503333,331.81820473366497,-0.21706675605228534,55.34020629133219
-2.100871285047477,-1.4348635624683388,-0.18520065969033625,335.2765307220514,-0.5425671139460547,54.84159813073991
-0.6382020028923187,-1.6731565936291155,-0.7644189182782603,337.4622357200903,2.101441582137598,56.18164556244937
-0.5399375485540273,-1.5394083691526583,-0.7642614482872813,343.16311199416583,0.271110749075104,55.95563610303423
-1.214575157735694,1.704685220072473,-1.1088644151139002,345.3532149096298,0.17911217924200398,57.28195664485666
-0.6737769276403207,-0.7262364970273365,-0.8617035364850812,215.52863600626577,-0.5354958620558938,56.746370080015375
-0.2646775982600149,-0.5026481976695724,0.16274077825785427,226.7434211723277,0.08703821702281239,56.830547584766876
-0.8296419538148291,0.25912308227822056,-1.4316309645573888,255.612017906645,0.750374917500481,56.088110670211904
0.18064667055424324,-1.1530777897704556,-0.07808151410738029,39.558755201296506,1.0506382981974234,64.22064741921892
-1.3831931288656893,-0.2244166189077422,-0.6923026540377353,173.7736285767256,-0.8541824226674217,65.9076809793351
0.7653853079968252,-2.0770761268671216,-0.48225398875714137,179.05109916288794,1.58860576701024,64.70776682581672
-1.1357532932916226,0.1606816157746102,0.38754284473323125,180.5165770158502,-1.1572307079759225,65.27181659682688
-0.3885038147034172,-0.19358448443611292,0.8872368380625176,378.4746871973356,-0.4140176764918609,65.8963743720658
0.16476403541285656,1.420839799495968,0.5722033595080542,384.15839031031766,-0.8802978300882905,64.84945174603875
0.30689369859012317,1.2721320735192232,-0.15454359308066085,386.481220691715,-1.2820329594411608,65.6171971970566
-1.4133459150620127,1.1534218598169212,-0.44977469847759116,392.2544587750095,0.20050046528265153,66.08025483230261
-0.0510888790673528,2.2215639261128675,-0.9189018390694885,34.883134756637226,-0.05686082587489158,67.37744650652242
-0.40226325632083515,0.6308666984583373,-0.7250957082502392,39.248757680315975,-1.0361189086708322,66.06475909746119
-0.08340427073605644,-0.4640015168644842,1.2521501945647084,125.77221570415826,-0.893868886491908,67.24740741050589
-1.013085636123497,0.5134864122496775,-1.078930412625557,132.2147715834384,-0.4134170869137021,65.84111744825667
2.811431346002895,-0.5032582587420178,1.0867177208237384,136.22269717251706,-0.34721682974426316,65.8592876208374
1.5853190257853953,-1.9583645712865412,1.4987591224118801,140.2749412336244,0.1481321302474257,64.79298445090707
0.785244452755395,0.7394286423040626,0.5430855002343485,142.66967215668856,0.35743913029783675,67.19269201689839
0.06934738135904009,0.25863410078323756,-0.2366594562468015,165.3049827615053,-0.006998889983712623,64.39757327586618
0.08209301910220576,-0.12273976033942158,0.3334678633864983,171.43767505663558,0.7648228518375829,65.82462859080663
-0.3018815425648669,-1.1322096925708378,-1.1879491691986175,186.94175315546323,0.7918082269238353,65.23784247350046
0.9204093687629801,-0.21099413364078004,0.8600862429638715,189.29664017772913,-0.5910341324754543,67.15999386364804
-2.0059842927723683,1.3963776001096344,0.23873418703045415,223.2048060227242,-0.041184630727806364,66.9760583823944
0.8708178493443475,-1.6190094249637321,-0.6517719351381853,227.1261323379023,-0.21418928242942556,66.07354178325005
1.5155543720869102,-0.23699186425172802,-0.1268864677909091,230.77846566152292,-0.7800286696474749,66.81393483999777
0.14361509834681882,0.12539505337766557,0.12029455515738068,234.52958587397845,-1.154796070400889,66.194428473542
0.46367958025675604,-0.022167591622258814,-0.4834592147365717,238.3398036532409,-0.48916368536362,66.45454616328281
-0.49995668830945483,0.5332269515922776,-1.0212680885320782,243.36951955008897,1.3542061891823913,66.5762760644962
-0.2270223299585754,-0.7812040298294294,0.6461375097450457,246.48573426246503,-2.366041751791979,66.72142529279972
-0.770291765659877,0.46467355410436206,0.7602609100309802,251.4132508476411,1.4866015804304336,65.61374593636025
0.6578726155666196,-0.7278945559003045,0.7549670791268973,255.26577740453467,1.051236692238842,67.32032283676956
0.6423005783833465,-1.3539182796526799,-1.0306627933828836,270.9925881026906,-0.21491897929726317,67.04386938431932
0.45558921599642116,-1.455081520794122,-0.37814909047038836,274.2293500149891,-2.9006866150199415,66.95023475991624
-0.7531569557687916,-0.22166613282801179,-3.6622263124616685,279.1791298990536,0.5734849518187362,64.90480242987742
-0.6512537245227603,0.425919845764761,0.947610890917584,282.636052209988,2.1855115265036797,65.55838485472279
-0.5234113768977927,0.07047704645153229,0.1480925425374502,285.3573573749442,0.39338494154511694,66.75978123115081
-1.4876770703124433,0.2815225300609417,-0.5972438927983796,291.09563210239827,0.43852335723448993,66.36838914431311
0.37274220358548454,-2.1140020641655766,-2.4541373733924883,295.2046228199431,0.5808820742999831,67.19513959341866
-2.6483308907575873,1.1811246070125119,-0.3561670656742859,298.6045373176309,0.5121789976329625,66.37296416770774
1.7606708731052045,-0.7240122666733766,-1.2600899975311444,302.1642991070458,-0.35606371849465474,65.00828060277064
-0.03572871577363137,0.6193541442940528,-0.3957788015999539,318.71649152895856,1.2216416006406619,64.89258474961191
-0.27775040177488564,0.25478518063928796,1.0782512716820185,322.6887596965091,1.757005567973633,65.67115034373363
1.1585408548624092,-0.6366115097297655,-0.7774111721050742,325.63888751921024,0.4212478032912206,66.13638149958102
-1.3020205969439693,-0.19359626842249356,-2.4288987753855165,331.62911994370876,1.346623635194431,64.32094363008663
1.4267107360503335,-0.16693517411606915,-0.9204385238208049,334.4156813226771,1.8802671273979155,64.84462304216625
0.733027262365234,0.1382005305131518,-0.16524818604212416,340.7097351904285,0.31888310156934996,65.04758083552979
-0.055271696124377705,0.4354454752349677,1.967124679653833,342.54042224709735,0.9099203877737301,65.94176110359405
-0.19292055810673653,1.227277881577475,-0.1861125325389352,346.96247342915314,0.630364872936984,66.64891967635384
-0.24488447859587736,-0.5195214406110222,-0.6418401846114081,350.75152729259537,0.07011804614435943,65.08456721430822
0.13562014638699948,0.573709873351268,-0.3699048170033351,370.4562184899905,0.5643077027924615,65.02330744608193
-1.1037100136921434,0.30251131765604006,0.30980834193555123,375.3718961230306,1.3906543166276366,66.12891055559764
-0.6364179605635014,-0.3579467068912171,-0.3628061000288118,379.19642927201807,-1.3587960616726287,64.15513130920128
1.6543963036597755,-0.7643186834988595,-2.484562627353138,390.97836028688835,0.2395433290911236,65.52424810075449
0.46149228887799104,-0.934239407902139,1.2114649141742992,33.982166373534376,-0.7596869170785637,67.79833176494007
-1.1677299631249753,-1.3372067533424166,0.19587757734230246,44.44952716409042,-0.6789789998572334,64.8060746788279
-1.0098104556293903,-0.9402532170135327,-0.21519452043032936,118.27461651512792,1.4852164990543064,65.9443915816205
1.6094366715873418,-0.19882637978707357,-1.3057759628082386,122.58438535027297,-0.505438655902236,66.9100723485896
-0.6920938430187923,0.15805374547901832,-0.3503124247380695,162.11515814328132,0.61276106179554,66.82033318549885
-0.656909730149658,-1.0519619719083373,0.404763914206822,196.50875562394393,0.21240262498395818,67.27961268246864
0.14866527266934576,-1.4209129510193153,0.29601579494254593,223.22071668415194,1.0982878176883957,65.35572896426217
0.08705792830507429,1.0148727905276331,0.8719341104557249,270.5699931759976,0.15773975919404137,67.92844925591811
-0.13701845393625567,1.297382253929687,-1.1307125596422,319.6293128238585,1.0958465009070084,65.41793641182883
-0.1723695840524301,-1.1476013709585915,-1.0720919762778909,366.39273878968373,-0.19804840818276603,66.27308136200479
0.6004249267603953,-0.727499206733648,1.4417524742934855,370.56672196854515,-1.1975939541836944,66.19471897138781
1.7080468083869027,-1.5094379438281695,0.665098524052345,390.89235799174,-0.37427641717334176,67.83106778223244
-0.9863129327930135,1.1255252497036077,-1.3311685357058682,31.32789368258191,-0.05805348571606508,67.94862311621846
1.0265932806676485,-0.13198587941099216,1.3883024140244327,42.081313577456434,-0.8115773416209634,66.10431395665518
-0.7083061043664485,-1.7639733603519954,-0.7396713437891823,119.16565248816997,-0.8948748022631499,67.77184387639196
0.4016036966459475,-0.5480801531071324,0.4562709234637819,163.74114290508263,1.6569132315316695,67.19485772412271
0.1180284192413531,-0.22167425193458332,1.5307693618365392,195.48872254197974,-1.8336951249202185,67.41293717263159
1.0084551028081514,1.150466113552384,-0.14037342048215232,224.02931141411008,0.8874071576165301,68.79631997529042
0.21924779340532594,0.822962670749744,-1.9490858943054064,270.79351206273844,-0.2812700298497764,67.06493962999973
-0.44113957025276024,0.8839127891636848,-0.5044240415743324,319.2430906588029,0.04116106828712198,68.57626814596044
0.5569301147802332,-1.2264665740410587,-0.18026754669328351,362.57334987168707,0.8730754562226428,67.53273878298353
-0.08877881123305337,0.6375276809136964,0.6969047130447491,365.80089813507703,1.3367481768161682,68.13677992866211
0.0723626177051202,-0.11286528692731196,1.316796814544265,390.4421590233818,-1.7790451134753567,68.62449110418524
1.5669401938817502,0.7162030448729335,-0.04264476728690838,31.406837207418,-0.38617936728301105,68.24411898190792
-0.4406126749536718,-1.437442735607787,-1.3720855938965577,42.29068341065041,0.35468179995327764,67.85052621831369
-0.28864935935317776,0.6778533682850156,1.874528587001399,114.6670712818196,0.3588837724752225,68.48721699321634
-1.531308649222898,1.0762131932934094,-0.44883836664638366,119.24300473124576,0.28319695025189745,69.73152283120614
0.4834290591179294,0.45239705496484384,-0.48569591212752594,158.99632853266397,-0.9019875682773741,67.81922679948174
0.24626567261944496,-0.0649427273697767,-0.6540186436666687,198.6300673141996,-1.3537415668737844,68.81926824841905
-0.3335775805275683,1.0797328289560277,0.23035247127438116,222.39041300581158,-0.7571372010828525,68.22262862813322
0.14383655272459653,0.833740536976872,0.43564359123127744,269.52617309774973,-0.9040501256008133,67.76872459940654
0.6054025858692035,-0.4442135534178343,-0.07414967339440891,319.4359838652299,-0.4276402087040171,68.03284002181981
-1.3289841132505218,-0.14704171438725935,-1.3021240633068203,364.55787528347184,-1.765342361149338,67.88815137819711
0.5077783443226835,0.109745180968336,-0.9407569843941072,391.0895350947997,-1.0611126699824431,69.57860510705227
-2.6023182150058215,0.8869849958728442,0.6930887418268411,394.6586418090158,-1.799016189103804,68.84160437913786
0.6532423344362156,0.14598445463556237,-0.46493522607139437,30.161767052750477,-0.25964570032309375,70.62926651040716
1.636793259396806,0.6483224424527126,1.5983824185761297,47.639150375132225,1.2547580508941882,69.86750782818837
-0.3859398489097344,-0.1659254373449936,0.15035334415218124,116.13829911473765,-0.7987898115607965,69.17602451827452
0.35590313951966557,1.8229323091650942,0.8077521627293552,158.74535242776545,-2.451774441605705,70.30999173446205
1.6594794068552685,1.404237008091218,1.672353257139533,200.1427723495937,0.8882525802904377,68.48927015400129
0.15239502968277593,0.5972173610297584,0.31624799349383825,224.34664049155424,0.2528632498810916,69.24459802510178
1.6496530723726657,1.1939688925155865,0.864465080963913,271.0992086252548,-0.368474880458551,68.80820224909621
0.3105539496848863,0.6327703837667237,-0.16247761790365162,319.53292056503443,-0.3350057738958049,69.95597518960552
-2.0044961187059274,-1.5637229234176118,-0.26521425575269286,361.81096696334583,-1.926006024752057,70.60725969042763
1.7844934185045935,-1.1396889112507067,0.6357354325639516,394.0610982036241,-0.93636150609123,69.42040475714376
-0.026980325031717083,0.5979500828682711,0.20960009507034175,31.7954876522989,0.7882422934690605,71.40166372420862
0.45570241816283075,-0.4076964867728144,0.6090414627174029,47.25499101030043,-0.7935309639415296,72.1671911986681
-1.1366745077304994,0.9962699750769668,-0.6076169349236876,114.46270304226951,-2.299438440800466,71.27945875949266
-0.6009546551275633,0.45824273885566913,-0.07276325499587061,156.34578034901077,0.9335632095169717,71.24836240490148
0.9014998981887774,-0.0052035692063897125,0.4966606094501212,203.06136338858158,-0.29718831498790294,71.02321577818543
0.23634233799727788,0.060091911181289454,2.0928376127800083,224.62020199356434,-1.0490787726081587,69.9742307194652
-1.4613683503019173,0.21635094051590636,-1.30364211812981,270.57190471233315,-1.7103426138580273,70.99913828704554
-2.1436881592662793,0.5879007353924807,0.9023567103010142,320.1134376903089,2.28623176977405,70.56531024201747
3.274935406744874,-0.5268016902823817,-0.09433704431340925,395.4095852210315,-2.194377926273985,70.29328649104951
-0.04170044508130194,-1.428530711044708,0.9124587990056499,26.8452855132649,-1.3869818282533535,72.66774660627208
0.10463796526976753,0.7585811534236768,0.09235170681405917,50.81832511943874,-0.10117191917768287,71.54205447063502
0.5873771547351437,1.041352973009695,-0.2803546304290426,111.05613978945676,-0.3763490369785479,72.67069290647392
0.8147023391184159,-0.2802319600691233,-0.534467314649458,116.20265143633539,0.31246944940282867,73.1252144811923
-0.7089913579164563,0.28328421994979675,0.6002392806472706,155.08153112017666,-2.6785277886319,71.95897960728541
-0.81375354569256,0.16800883445208292,-1.0049675842690848,203.53293547361557,-1.062752450381857,71.83284857830755
1.1838520505823498,-0.803338560330873,0.09070801361547255,222.20156825925827,-0.9532660844317643,70.24209969537168
-0.5571943895742159,-0.9193109949262663,-0.02929826004606627,269.702357335063,-0.4154225593055741,71.92464294886972
-0.03690921269368363,1.350259518889865,-0.2034627228788794,319.45481106423136,-0.012775766221962118,72.94514079017736
-0.5970249744407294,-2.115268189424323,-0.5544645424189664,391.4973006002798,-1.124054371956609,71.20632049299996
-0.6770777169588313,0.40611022804637315,-0.5571276893786505,396.5898974370209,-0.8420211473719925,72.52424681876079
0.5602866701939779,0.6766934736237479,0.5413077230264602,26.834299117583583,1.1569162536858166,73.0447227281837
-1.6660584058781442,0.4785179189576713,-0.8039801126517683,51.424199909035636,0.7707618177369211,73.23515569094883
0.30608697184933376,-2.7654507252265814,0.6137847662180209,111.35300849178978,-0.3381911087558793,73.94678587268714
-0.7186050301007859,-0.06749859279837145,-1.0459932689496179,154.93092025739426,-1.8376686354418186,73.88109820964205
0.14960812389125916,-0.8372496795896534,-0.7602880891677849,203.9859699170966,0.4685075199100524,73.75166911365456
1.0441684882999303,-0.8448366740372676,-1.0250093021969084,223.7615129514261,-0.13763028733596233,73.14973116827768
1.0088037104616019,0.11369033339575256,1.3463864275885016,271.59527841436346,-0.2566577158763973,73.35100693199722
0.3900112978744589,-0.760625579327368,0.09294902140844458,319.93969184120493,1.105042354101851,72.07124629050654
2.016129043950639,0.4575986616756575,1.442709247244592,389.33009750472684,-0.23512973426881376,72.52133859726023
-0.7539847424406457,-0.07948750940058559,-3.359101420772185,27.408737480332373,-0.4229743675479532,73.83609558746062
1.6084824099431645,0.8985987363032106,-0.928108481763093,50.86137681406933,1.3597306992113207,74.4608919314782
-0.36209280603380517,-2.071405647331524,-0.0840469501099991,111.92378505477687,0.6867606350527422,73.5617687221253
0.20167573054158494,1.6422643269465973,-1.449109884707822,155.548695862657,0.8871366010230932,73.96059225888538
0.8166323478562563,-0.47499996152291746,-0.588418996531427,203.1110414962391,0.01163907322818721,73.92228817403378
-1.3709949564327137,0.8391756936391174,-0.6049557075449472,222.23732700681558,0.7825488944503459,73.76043203422763
0.35503104338064384,0.6386501744142146,0.355030356529552,227.12695564561812,0.6727479873822743,74.93011762586384
0.07512544975279313,0.6071349871889347,-0.522366589847455,230.25036850182667,0.3029291062773211,73.2449675809652
0.7138596205940965,-0.318425134646551,0.5759088282813111,233.96364523823493,-0.8103502853492438,74.61078517585484
-1.5772570467519782,-0.6777047915250334,-0.17837364969740477,239.53369627794433,0.1660742610073262,73.36398852030825
-0.021217383495548955,-1.0021746498468824,0.24581095474924206,242.90964358272484,0.6905403447519974,74.60314774908423
0.9052114396111975,0.33197085840965396,-0.6189949033206569,245.98328688211032,0.20131750716191268,74.79088851168771
1.8500039827370796,-2.220189894433716,0.14583899758642255,270.8467001202802,-1.2016676865384572,74.99081300302169
-0.9303634889216219,1.1972629804571988,-0.04088721366589835,275.2567309982847,-1.2246441398459063,74.20412118244919
1.3470231068503755,-0.6138245130190351,-0.7866250086039427,279.317100669077,-1.4911768553179607,73.68017811489312
-0.2829401390728788,-0.07651115370626835,0.6677706102223762,282.56795238929345,-0.28824304822943725,72.76303180288234
-0.9601409165359965,1.7864339324150182,0.4969077902778329,287.0842033811164,0.768877835089212,72.92386056925466
1.2605433630001117,0.040251626176496635,0.1378592758137373,289.8068654592881,0.8554572870557234,74.46583510329593
-0.04619018719702721,-1.032560329672204,0.9051831757564304,295.64719658748186,-0.02949913081319549,74.04773118592212
-1.4866513776337749,-0.6665038828781663,-1.23169482736586,318.3478233626349,0.5125695257739336,74.33777900569088
0.5467940350269701,-1.0430783373485277,0.920591952563584,322.8389717295676,-0.06998011540513696,74.9206151489393
-1.672724220315016,-0.6730179633120221,1.7361273651635216,326.00173379968066,-0.3627077136048391,74.65921935365142
0.22910137704811676,-1.313130916805709,-1.1866711235102931,331.31413828557413,0.10705487908452356,74.85444884575355
-1.018892893705132,1.4846799958995316,0.4545837366395645,334.6033217246384,0.10278826559040495,73.52275297682358
2.353478045051123,-0.12686330876228136,-0.3678609396621735,338.3595940607531,0.424640942800133,72.3987863291758
-0.11175505434453153,1.1008903434211015,0.5905187313911189,342.118818582192,-0.01910975784456652,73.57285232834509
1.4709838797464831,0.6846758846620036,0.8111796619607348,379.2818596835252,-0.5414569297463997,72.18251992385159
-0.5571925014971026,-0.5456651788449631,-0.5695405073789197,382.74566272337864,0.03535312600544619,73.7952952448274
-0.8121336528662164,-0.6808842536119687,1.2995781973102958,387.12268224341904,-0.35230109935609427,73.869529109404
1.0850837625046705,-0.7179748886922319,-0.9481641435816482,392.1062290674771,1.61376271835289,73.09994551400983
-0.4166357818364144,-1.2745512849309182,-0.3717119116606214,26.06253144427901,0.2716695846044193,72.82693085377531
0.21918641402294797,1.1897516604122014,0.4194380908592793,30.313370984070414,0.15682453574369606,74.13364131505067
-0.6706265125687142,1.610650888377423,0.6239488285883642,33.694342267241424,0.871623544463484,73.2250932842325
-0.888182683942042,-0.9911626779689662,0.8355505657202978,38.51104603777293,1.440715005060132,75.871225191329
-1.777881410453459,1.180526178476756,1.2406063701219903,43.35323780415225,-1.1816534393302087,75.2690421538537
-1.9120422832843282,0.31820957082978024,-0.5573900795188393,47.602106845211274,-0.32981470070922675,74.24351248887876
-0.23173977226394218,1.3934561651557413,1.6852977068063724,50.10023173631348,-0.6279040782392851,74.37236272132441
-1.1238175435148818,-0.12515919945864803,-0.5003283471982573,55.21705782335889,-0.7030491686679621,75.8515433068922
0.4046168584707803,-0.44242359722612856,-0.14732101911953005,106.50496596124478,-0.15515009661026855,74.9082613134519
0.11700953955978163,-0.5125104905651694,-1.0153568961322184,110.09108237784577,1.3547142896713253,74.47034922675384
-0.5558803869116187,-1.2156933798528102,-0.1363133865528014,154.59942325176468,2.1553200340285015,74.1324749519184
1.2700463453410393,-0.18539053855063092,0.12669951110259256,203.16784237983964,-0.27634566863925625,72.68164493861173
0.4580398633469597,-0.1724956266488617,0.13819293664076135,222.20091261957126,0.9710309164986999,74.4499559583871
-0.258329570836257,,-0.5154466108485632,270.7448263496154,0.24061023506813262,74.75267674895957
-0.5485214241234616,-0.1739105760033733,0.08601113853903523,317.7123967320511,0.7084739673057752,75.84385831160026
0.5701615551700553,0.9113439113553577,-0.23385650286738852,378.3171996194449,0.15125961280927838,74.206481952862
-0.3392352122215149,1.9844214701413008,-0.24871346504854683,21.792315446115566,-1.2530074732494139,75.09921888736527
-0.5133412730857827,1.7021335417936154,0.030426675090418638,54.98059843534718,1.31783972386216,75.48988166270298
0.7953413392368475,-0.07084898915980276,-0.09676936505893009,107.61033234554316,0.8946031179514218,76.92487633243033
-0.43243958563895135,1.4642916793797833,0.7493121707572924,155.4120240287914,-0.34977612667084623,75.03606776168625
-0.34535778172578285,1.5596541161587296,0.336160992730813,201.908220866615,0.26497785161823745,75.913706048032
0.09982325466467921,-0.967915642294362,-0.0860535590016678,221.21087244636337,1.4370278497534574,76.41862009527907
0.22032091198637893,0.07670909180685688,1.145668203993384,269.25925020892885,-1.3270208549095805,74.50046317865959
0.4207752593737878,-2.1370734013875885,0.2596849303158883,318.8242515573526,0.15046485069871327,75.74157537505658
2.378040533210639,0.32186934039488313,-1.6391769950814747,375.09500494385014,1.0552408930543213,76.67241978330729
1.0792253007697552,1.6023881611517932,0.4444112535779463,379.3450092406541,-0.7394860843020139,75.17450610776898
0.2063981947249242,-0.3481730164034207,0.5600740835279295,22.507480056446347,1.2388033307758177,76.98599037280025
-0.13795796792492268,-0.2484542713397926,1.360033597511325,56.049402003211334,0.8009014421471645,77.34674424528295
1.5538995725006868,-0.8095908642816046,-0.23157670007041892,105.6132580063091,0.657108398539935,77.78164586699434
0.1786730582231775,-0.15955599081338964,0.1642213251521067,155.14356164428474,0.12535133001170726,77.83924898396664
0.30083983049615237,1.5047580422432674,-1.0259941525029483,202.16696899728808,-1.111042594197866,76.68810422405924
0.5514864104183292,1.4690832703000123,-0.9204363639089574,220.9907924525772,-0.3492277447442693,75.97164528664281
-0.5826499275503464,-0.045911142525769506,1.1945440835848353,270.5271846279182,-0.524966072305642,75.35358037499886
-0.5078883518161076,-0.6923760183448101,-0.25871172748673626,318.69085299038323,-0.06589961316756746,76.63325237646147
1.252281346927127,-1.6330351139547221,0.869778550513183,375.552563162943,0.707905323627598,76.82152459731878
0.13867211003173854,-0.30764790218803056,0.28862532107710853,21.930011100790576,-1.6318869488287242,78.08596327162886
-0.2616885294790546,0.982870504039442,-0.40697778876810653,59.24656914770914,-0.7956740155715413,76.85432645777274
0.6796608144182423,1.2587950250652933,0.5064159097101565,108.88666832358967,1.0614371960279385,78.31122862481419
0.9096700895988192,0.3321860903476935,-0.7706446714249503,159.07877809822713,0.3122207183747931,76.57455695071776
-1.2241823248528043,-0.16157618520051775,-0.18268851874691588,199.3370578723479,-0.9355017125606312,78.91714316164948
-0.5223031369895591,0.18686175165570668,-0.48920187285142513,222.50794931889214,1.2074440301487577,77.55064624038829
-0.2136405289310576,-0.8002975750586954,0.6693441185393229,270.52997100869436,0.5388682675405382,78.38360965665612
-2.3428171478478466,0.12973714410744352,-0.5536046358860198,317.38891250941833,-1.0455346165279569,78.67082963084145
2.8521204974569274,0.14286029824829874,0.09354595011661752,375.4677523844165,1.5678673269722285,78.07388549809038
-0.4552546365259185,-1.6221117640963045,-0.059459567798553915,23.85813792118772,-0.7577588143727161,79.0140229291141
0.2520145254159359,-0.9407038104020223,2.1370692243502973,60.46202762838648,-0.41549044820942393,78.01851184051982
-1.1652637557275562,-0.4816288920694259,0.1381661744616305,105.99524370555713,0.9327517507259987,78.69362096964336
1.0844266790992765,0.9253325265012438,0.03506903137296741,110.33999299936333,-0.001241721393279585,80.0536457582796
-0.3955336819282692,1.045858950988745,0.954379756322041,159.28914079641663,-0.04690383306772588,80.55423379449395
-0.12911040556283263,-0.2025386322603839,0.9433347521364215,199.03951347049494,0.2904530624309189,78.911901427531
-1.569636460521391,-0.6579849027127653,1.3233703127068965,223.8923654530231,0.49228165814701946,78.89438200103409
0.16915849479363726,-2.1912821441007,-0.1510750347939078,272.02690526224376,-0.3630500098996155,78.47851890706802
0.8848219450699236,-2.1500082830869536,-1.0025885378050254,319.7692866391118,0.3443943129706754,78.09946479398778
0.4019389084301912,1.4257407685518946,1.693374454630832,375.53469121163397,-0.5229428174730556,79.19294665677506
-0.6290382270530306,-1.4185136771641704,-0.004176429240290798,17.909480902994154,0.7132771485012523,80.58931351744941
2.327253259340166,0.7289012857524849,-0.45497311274802416,62.57464669875388,0.4356717052458239,78.97822173375212
1.1211415666359437,1.0023881805509578,0.6248661721920822,110.99429381445695,-1.7241217567036662,81.49972586961528
-1.2909717498436517,-0.08836495771225664,0.5046376882427108,115.5004524699344,-0.02697631200113934,78.94940090865177
1.051827479100392,-0.09091782032434588,-0.5026476364219855,162.54364719525867,1.4146675420140624,81.20159194797941
0.0799433386478685,-1.9197130727832534,-0.6042704600419454,196.20125442404952,-0.16839140649432938,79.81845415684681
0.8467580783665745,-0.44231864941206755,-1.6487364436615535,223.69870681039308,1.5498655418367782,79.3159305358532
-1.0599984835257,0.7238873548829441,-0.5789088930504735,269.9867203862424,-1.997134234890524,80.90127882812389
0.854756221607155,-0.4818365933443197,-0.013429169138099802,319.7716869782226,0.3914029229917398,79.73682875177549
-0.3109310550464275,-0.18906343128461228,0.2902965863262901,18.700237647449786,0.21245507117204002,80.3933332006275
0.6838759075979725,-1.888643951032002,0.11610516607313003,61.55226022871292,0.6696634285579954,81.90612376553676
0.05866377728556418,-0.32229204349169227,0.4439687356918267,115.06349661446374,-0.7612089374546704,80.634655185962
0.7125831106705851,-0.541485361687181,0.05380404309862194,118.72525212004581,-0.8804367842481269,79.78850003142755
0.18382934914594598,-0.6897099140587569,0.1524368010731422,122.72820162115589,-0.44371563598354163,80.77602013914641
-0.4333589820859858,1.2486619174147293,-0.10586828222575083,126.5999853485858,0.254558473720443,82.09666065598688
0.3747351524381557,-0.8431255059129658,-0.6280645225287934,130.03665936798276,1.2368609903241978,80.35014132870573
-1.2676185976218763,-0.11224270845833657,-0.9098997216105933,134.5394944788351,-0.7158029492103737,82.58906326136552
-0.9284428222758979,1.1182262342535152,-0.3719528462624066,138.92485711083305,0.7499538497208714,80.8365628454434
0.241455736664586,0.5508461101337361,-0.17661436124870386,142.85665441592283,0.48186269885883265,80.15463522087002
0.04748379469382241,-0.14152776130382153,-0.5779879637498357,161.89321639512332,0.4674852131130087,80.46255558281361
1.0167502778781077,-0.9354266693564627,-0.7095775685589384,195.61012314346283,-3.2521157435810117,81.2466163089229
-0.6461995450869209,1.5783008658949773,-0.690009900478003,223.42161422803244,1.235347169779725,78.9851712662406
1.3904522102224228,-0.008342368312592531,0.5977802524612553,271.2191087528581,0.7096077361331672,81.89484681285707
-0.7812844792175303,-0.9535807081488415,0.3924000638086585,318.1404336622795,0.08019549789993811,81.5957414183748
1.1430216928079318,0.1740229055055965,0.5144480919586399,19.294600765464477,1.5503061951029922,81.36423325178119
0.4665428871546937,0.04046783857935784,-0.1257443973898844,64.7703361773881,0.02122112024893411,81.730634290316
2.431043817094223,0.6009119065123488,1.480762135841166,165.88513232993066,-1.7304297874484662,81.82638199868774
0.1318946298178665,-0.49145526113547156,-1.145479643906259,170.74945353200332,1.4356100686528401,82.8100027970795
0.1840815542028292,1.320230765942845,-0.19200630254388196,187.7736940619891,1.1748129867841954,81.40124446781387
-0.6905663318338126,-0.18404925525921292,0.10184227309761126,191.6103185737568,0.26610957511052347,81.70444497660918
2.114342060015848,0.09094357776155837,-0.39954460179794066,222.7936951709595,-0.2743470122794787,82.14746790156168
0.3151488442563107,1.2009613822678329,-0.46940711668667945,271.7399508326376,0.31633596369648975,82.1412251390285
-0.3207533508234757,0.789852781089535,-0.2329888105842726,319.6861211579648,-0.9716242517698509,81.7183098768463
0.5527858659561691,-0.5062360124537554,-0.5998596155334986,324.0700503410185,-0.23841751142854817,81.72472568150009
1.4311877226597918,0.40297922174726614,0.32946485810111187,328.1287419140389,0.09611599104682514,82.60442155367272
0.20783638764153356,1.9990995337382806,-0.8861327558202287,329.83207837106534,-0.49201216737058445,81.80776533309721
-0.23492923420199344,0.7682553788566292,0.5373552856524625,335.81425807691204,-0.048876695802278,81.9725242382157
2.1345129009753476,0.6302846723862405,-0.5069800101532647,337.81694181777095,0.5881447120337342,82.68448675132284
0.16605137714778104,-0.4482030720037495,0.3161979330158035,342.9273523770999,0.7386821402824874,81.89361310860536
-0.5637724674586566,-0.3912547139488067,-0.5934997135218221,347.5864102181955,-0.511001103838367,82.98209997512679
-1.13788931684979,0.731631499273875,0.8131472184936265,351.372340414883,-0.9887203041535174,81.98078020554438
1.6642028868466532,,-0.5339905595443765,370.68604199489266,1.3526665470343249,81.93001231234466
-1.6253650074258394,0.3045043029129304,-0.16997582795757413,376.02684124936104,0.19681109751162387,81.65857314660694
-0.1285207434629925,-0.16935414874005436,0.27977845953014574,175.5405010435779,-0.24434237157830788,84.37621959572778
-0.1769549124411665,-1.373688859894952,-1.6317777499768593,178.81913636364678,-1.0347198914000173,83.18783855782243
-1.019348555418237,1.4477385635365507,-0.8738963092606444,183.3278873209645,1.1162154140850629,83.25050002979192
-1.489969251251187,1.612224645361101,-0.13335171548368105,371.5015947042504,-2.3592274644951847,81.76995089050139
0.1516900426738608,0.8479681522812665,-0.5262817474927769,375.2787821898941,0.09805678785110782,82.32274929284958
